{
    "accuracy": 98.68841994497619,
    "model": {
        "weights": [
            -0.18254744002843873,
            -0.32815681192669555,
            -0.2898000519832229,
            0.44475358547335586,
            0.005415683612382927,
            0.2726732215641377,
            0.05766285799247726,
            0.14267173478617884,
            -0.20165105742404404,
            0.03750496134736486,
            0.2565378379411979,
            0.19211452178935115,
            0.368060761598595,
            0.15926253500563628,
            -0.028928083854378242,
            0.3593931642840098,
            -0.408146855797852,
            0.2710102004093779,
            -0.10368361833930823,
            0.0059969542943691225
        ],
        "bias": -0.006661060892633252
    },
    "config": {
        "csv_path": "spy.csv",
        "target_label": "Close",
        "exclude_labels": [
            "Date",
            "day",
            "week",
            "weekday",
            "year"
        ],
        "total_time": 2500,
        "period": 4,
        "iterations": 5000,
        "alpha": 0.1,
        "scaling_method": "max"
    }
}